{
  "hash": "4d6ad262",
  "configHash": "52a8dcbc",
  "lockfileHash": "3730f50a",
  "browserHash": "b25f32c2",
  "optimized": {
    "@angular/common": {
      "src": "../../../../../node_modules/@angular/common/fesm2022/common.mjs",
      "file": "@angular_common.js",
      "fileHash": "2db0cf8f",
      "needsInterop": false
    },
    "@angular/common/http": {
      "src": "../../../../../node_modules/@angular/common/fesm2022/http.mjs",
      "file": "@angular_common_http.js",
      "fileHash": "ffdfcac4",
      "needsInterop": false
    },
    "@angular/common/locales/en": {
      "src": "../../../../../node_modules/@angular/common/locales/en.mjs",
      "file": "@angular_common_locales_en.js",
      "fileHash": "2ff0e6d3",
      "needsInterop": false
    },
    "@angular/core": {
      "src": "../../../../../node_modules/@angular/core/fesm2022/core.mjs",
      "file": "@angular_core.js",
      "fileHash": "7c4c75d3",
      "needsInterop": false
    },
    "@angular/forms": {
      "src": "../../../../../node_modules/@angular/forms/fesm2022/forms.mjs",
      "file": "@angular_forms.js",
      "fileHash": "4b765b4e",
      "needsInterop": false
    },
    "@angular/platform-browser": {
      "src": "../../../../../node_modules/@angular/platform-browser/fesm2022/platform-browser.mjs",
      "file": "@angular_platform-browser.js",
      "fileHash": "75f6a664",
      "needsInterop": false
    },
    "@angular/platform-browser/animations/async": {
      "src": "../../../../../node_modules/@angular/platform-browser/fesm2022/animations/async.mjs",
      "file": "@angular_platform-browser_animations_async.js",
      "fileHash": "d1739c75",
      "needsInterop": false
    },
    "@angular/router": {
      "src": "../../../../../node_modules/@angular/router/fesm2022/router.mjs",
      "file": "@angular_router.js",
      "fileHash": "8d7cde7b",
      "needsInterop": false
    },
    "chart.js": {
      "src": "../../../../../node_modules/chart.js/dist/chart.js",
      "file": "chart__js.js",
      "fileHash": "e49705ff",
      "needsInterop": false
    },
    "chart.js/auto": {
      "src": "../../../../../node_modules/chart.js/auto/auto.js",
      "file": "chart__js_auto.js",
      "fileHash": "48fe8c84",
      "needsInterop": false
    },
    "ng-zorro-antd/affix": {
      "src": "../../../../../node_modules/ng-zorro-antd/fesm2022/ng-zorro-antd-affix.mjs",
      "file": "ng-zorro-antd_affix.js",
      "fileHash": "c3677060",
      "needsInterop": false
    },
    "ng-zorro-antd/alert": {
      "src": "../../../../../node_modules/ng-zorro-antd/fesm2022/ng-zorro-antd-alert.mjs",
      "file": "ng-zorro-antd_alert.js",
      "fileHash": "f1de06e6",
      "needsInterop": false
    },
    "ng-zorro-antd/anchor": {
      "src": "../../../../../node_modules/ng-zorro-antd/fesm2022/ng-zorro-antd-anchor.mjs",
      "file": "ng-zorro-antd_anchor.js",
      "fileHash": "984a4b68",
      "needsInterop": false
    },
    "ng-zorro-antd/auto-complete": {
      "src": "../../../../../node_modules/ng-zorro-antd/fesm2022/ng-zorro-antd-auto-complete.mjs",
      "file": "ng-zorro-antd_auto-complete.js",
      "fileHash": "9514d403",
      "needsInterop": false
    },
    "ng-zorro-antd/avatar": {
      "src": "../../../../../node_modules/ng-zorro-antd/fesm2022/ng-zorro-antd-avatar.mjs",
      "file": "ng-zorro-antd_avatar.js",
      "fileHash": "eacd6030",
      "needsInterop": false
    },
    "ng-zorro-antd/back-top": {
      "src": "../../../../../node_modules/ng-zorro-antd/fesm2022/ng-zorro-antd-back-top.mjs",
      "file": "ng-zorro-antd_back-top.js",
      "fileHash": "7fbb346d",
      "needsInterop": false
    },
    "ng-zorro-antd/badge": {
      "src": "../../../../../node_modules/ng-zorro-antd/fesm2022/ng-zorro-antd-badge.mjs",
      "file": "ng-zorro-antd_badge.js",
      "fileHash": "63c08b78",
      "needsInterop": false
    },
    "ng-zorro-antd/breadcrumb": {
      "src": "../../../../../node_modules/ng-zorro-antd/fesm2022/ng-zorro-antd-breadcrumb.mjs",
      "file": "ng-zorro-antd_breadcrumb.js",
      "fileHash": "1b0abfbb",
      "needsInterop": false
    },
    "ng-zorro-antd/button": {
      "src": "../../../../../node_modules/ng-zorro-antd/fesm2022/ng-zorro-antd-button.mjs",
      "file": "ng-zorro-antd_button.js",
      "fileHash": "14969051",
      "needsInterop": false
    },
    "ng-zorro-antd/calendar": {
      "src": "../../../../../node_modules/ng-zorro-antd/fesm2022/ng-zorro-antd-calendar.mjs",
      "file": "ng-zorro-antd_calendar.js",
      "fileHash": "71bda822",
      "needsInterop": false
    },
    "ng-zorro-antd/card": {
      "src": "../../../../../node_modules/ng-zorro-antd/fesm2022/ng-zorro-antd-card.mjs",
      "file": "ng-zorro-antd_card.js",
      "fileHash": "24d11a00",
      "needsInterop": false
    },
    "ng-zorro-antd/carousel": {
      "src": "../../../../../node_modules/ng-zorro-antd/fesm2022/ng-zorro-antd-carousel.mjs",
      "file": "ng-zorro-antd_carousel.js",
      "fileHash": "b34f6ad5",
      "needsInterop": false
    },
    "ng-zorro-antd/cascader": {
      "src": "../../../../../node_modules/ng-zorro-antd/fesm2022/ng-zorro-antd-cascader.mjs",
      "file": "ng-zorro-antd_cascader.js",
      "fileHash": "bf99b711",
      "needsInterop": false
    },
    "ng-zorro-antd/checkbox": {
      "src": "../../../../../node_modules/ng-zorro-antd/fesm2022/ng-zorro-antd-checkbox.mjs",
      "file": "ng-zorro-antd_checkbox.js",
      "fileHash": "6aa40529",
      "needsInterop": false
    },
    "ng-zorro-antd/collapse": {
      "src": "../../../../../node_modules/ng-zorro-antd/fesm2022/ng-zorro-antd-collapse.mjs",
      "file": "ng-zorro-antd_collapse.js",
      "fileHash": "f7a143a5",
      "needsInterop": false
    },
    "ng-zorro-antd/comment": {
      "src": "../../../../../node_modules/ng-zorro-antd/fesm2022/ng-zorro-antd-comment.mjs",
      "file": "ng-zorro-antd_comment.js",
      "fileHash": "f6ac94b1",
      "needsInterop": false
    },
    "ng-zorro-antd/core/transition-patch": {
      "src": "../../../../../node_modules/ng-zorro-antd/fesm2022/ng-zorro-antd-core-transition-patch.mjs",
      "file": "ng-zorro-antd_core_transition-patch.js",
      "fileHash": "64b92aff",
      "needsInterop": false
    },
    "ng-zorro-antd/core/wave": {
      "src": "../../../../../node_modules/ng-zorro-antd/fesm2022/ng-zorro-antd-core-wave.mjs",
      "file": "ng-zorro-antd_core_wave.js",
      "fileHash": "dec5af15",
      "needsInterop": false
    },
    "ng-zorro-antd/date-picker": {
      "src": "../../../../../node_modules/ng-zorro-antd/fesm2022/ng-zorro-antd-date-picker.mjs",
      "file": "ng-zorro-antd_date-picker.js",
      "fileHash": "5c1c8b52",
      "needsInterop": false
    },
    "ng-zorro-antd/descriptions": {
      "src": "../../../../../node_modules/ng-zorro-antd/fesm2022/ng-zorro-antd-descriptions.mjs",
      "file": "ng-zorro-antd_descriptions.js",
      "fileHash": "4de89f09",
      "needsInterop": false
    },
    "ng-zorro-antd/divider": {
      "src": "../../../../../node_modules/ng-zorro-antd/fesm2022/ng-zorro-antd-divider.mjs",
      "file": "ng-zorro-antd_divider.js",
      "fileHash": "7bc0cf13",
      "needsInterop": false
    },
    "ng-zorro-antd/drawer": {
      "src": "../../../../../node_modules/ng-zorro-antd/fesm2022/ng-zorro-antd-drawer.mjs",
      "file": "ng-zorro-antd_drawer.js",
      "fileHash": "51d2d1da",
      "needsInterop": false
    },
    "ng-zorro-antd/dropdown": {
      "src": "../../../../../node_modules/ng-zorro-antd/fesm2022/ng-zorro-antd-dropdown.mjs",
      "file": "ng-zorro-antd_dropdown.js",
      "fileHash": "104b2df3",
      "needsInterop": false
    },
    "ng-zorro-antd/empty": {
      "src": "../../../../../node_modules/ng-zorro-antd/fesm2022/ng-zorro-antd-empty.mjs",
      "file": "ng-zorro-antd_empty.js",
      "fileHash": "a4c053cf",
      "needsInterop": false
    },
    "ng-zorro-antd/form": {
      "src": "../../../../../node_modules/ng-zorro-antd/fesm2022/ng-zorro-antd-form.mjs",
      "file": "ng-zorro-antd_form.js",
      "fileHash": "6f3cb5d5",
      "needsInterop": false
    },
    "ng-zorro-antd/grid": {
      "src": "../../../../../node_modules/ng-zorro-antd/fesm2022/ng-zorro-antd-grid.mjs",
      "file": "ng-zorro-antd_grid.js",
      "fileHash": "0e1dc04f",
      "needsInterop": false
    },
    "ng-zorro-antd/i18n": {
      "src": "../../../../../node_modules/ng-zorro-antd/fesm2022/ng-zorro-antd-i18n.mjs",
      "file": "ng-zorro-antd_i18n.js",
      "fileHash": "3f98bdec",
      "needsInterop": false
    },
    "ng-zorro-antd/icon": {
      "src": "../../../../../node_modules/ng-zorro-antd/fesm2022/ng-zorro-antd-icon.mjs",
      "file": "ng-zorro-antd_icon.js",
      "fileHash": "912b6dde",
      "needsInterop": false
    },
    "ng-zorro-antd/image": {
      "src": "../../../../../node_modules/ng-zorro-antd/fesm2022/ng-zorro-antd-image.mjs",
      "file": "ng-zorro-antd_image.js",
      "fileHash": "bf1d5970",
      "needsInterop": false
    },
    "ng-zorro-antd/input": {
      "src": "../../../../../node_modules/ng-zorro-antd/fesm2022/ng-zorro-antd-input.mjs",
      "file": "ng-zorro-antd_input.js",
      "fileHash": "1c7ad9d2",
      "needsInterop": false
    },
    "ng-zorro-antd/input-number": {
      "src": "../../../../../node_modules/ng-zorro-antd/fesm2022/ng-zorro-antd-input-number.mjs",
      "file": "ng-zorro-antd_input-number.js",
      "fileHash": "4b2b713a",
      "needsInterop": false
    },
    "ng-zorro-antd/layout": {
      "src": "../../../../../node_modules/ng-zorro-antd/fesm2022/ng-zorro-antd-layout.mjs",
      "file": "ng-zorro-antd_layout.js",
      "fileHash": "6592b526",
      "needsInterop": false
    },
    "ng-zorro-antd/list": {
      "src": "../../../../../node_modules/ng-zorro-antd/fesm2022/ng-zorro-antd-list.mjs",
      "file": "ng-zorro-antd_list.js",
      "fileHash": "a0ddfaf5",
      "needsInterop": false
    },
    "ng-zorro-antd/mention": {
      "src": "../../../../../node_modules/ng-zorro-antd/fesm2022/ng-zorro-antd-mention.mjs",
      "file": "ng-zorro-antd_mention.js",
      "fileHash": "fefe05e5",
      "needsInterop": false
    },
    "ng-zorro-antd/menu": {
      "src": "../../../../../node_modules/ng-zorro-antd/fesm2022/ng-zorro-antd-menu.mjs",
      "file": "ng-zorro-antd_menu.js",
      "fileHash": "dce46226",
      "needsInterop": false
    },
    "ng-zorro-antd/message": {
      "src": "../../../../../node_modules/ng-zorro-antd/fesm2022/ng-zorro-antd-message.mjs",
      "file": "ng-zorro-antd_message.js",
      "fileHash": "29ee1cca",
      "needsInterop": false
    },
    "ng-zorro-antd/modal": {
      "src": "../../../../../node_modules/ng-zorro-antd/fesm2022/ng-zorro-antd-modal.mjs",
      "file": "ng-zorro-antd_modal.js",
      "fileHash": "e5e2e0e1",
      "needsInterop": false
    },
    "ng-zorro-antd/notification": {
      "src": "../../../../../node_modules/ng-zorro-antd/fesm2022/ng-zorro-antd-notification.mjs",
      "file": "ng-zorro-antd_notification.js",
      "fileHash": "7a00f005",
      "needsInterop": false
    },
    "ng-zorro-antd/page-header": {
      "src": "../../../../../node_modules/ng-zorro-antd/fesm2022/ng-zorro-antd-page-header.mjs",
      "file": "ng-zorro-antd_page-header.js",
      "fileHash": "230bac2a",
      "needsInterop": false
    },
    "ng-zorro-antd/pagination": {
      "src": "../../../../../node_modules/ng-zorro-antd/fesm2022/ng-zorro-antd-pagination.mjs",
      "file": "ng-zorro-antd_pagination.js",
      "fileHash": "be3faba0",
      "needsInterop": false
    },
    "ng-zorro-antd/popconfirm": {
      "src": "../../../../../node_modules/ng-zorro-antd/fesm2022/ng-zorro-antd-popconfirm.mjs",
      "file": "ng-zorro-antd_popconfirm.js",
      "fileHash": "d859b020",
      "needsInterop": false
    },
    "ng-zorro-antd/popover": {
      "src": "../../../../../node_modules/ng-zorro-antd/fesm2022/ng-zorro-antd-popover.mjs",
      "file": "ng-zorro-antd_popover.js",
      "fileHash": "5728161c",
      "needsInterop": false
    },
    "ng-zorro-antd/progress": {
      "src": "../../../../../node_modules/ng-zorro-antd/fesm2022/ng-zorro-antd-progress.mjs",
      "file": "ng-zorro-antd_progress.js",
      "fileHash": "d556963b",
      "needsInterop": false
    },
    "ng-zorro-antd/radio": {
      "src": "../../../../../node_modules/ng-zorro-antd/fesm2022/ng-zorro-antd-radio.mjs",
      "file": "ng-zorro-antd_radio.js",
      "fileHash": "c7422d6e",
      "needsInterop": false
    },
    "ng-zorro-antd/rate": {
      "src": "../../../../../node_modules/ng-zorro-antd/fesm2022/ng-zorro-antd-rate.mjs",
      "file": "ng-zorro-antd_rate.js",
      "fileHash": "5f1fcead",
      "needsInterop": false
    },
    "ng-zorro-antd/result": {
      "src": "../../../../../node_modules/ng-zorro-antd/fesm2022/ng-zorro-antd-result.mjs",
      "file": "ng-zorro-antd_result.js",
      "fileHash": "521a2642",
      "needsInterop": false
    },
    "ng-zorro-antd/select": {
      "src": "../../../../../node_modules/ng-zorro-antd/fesm2022/ng-zorro-antd-select.mjs",
      "file": "ng-zorro-antd_select.js",
      "fileHash": "bb9e6405",
      "needsInterop": false
    },
    "ng-zorro-antd/skeleton": {
      "src": "../../../../../node_modules/ng-zorro-antd/fesm2022/ng-zorro-antd-skeleton.mjs",
      "file": "ng-zorro-antd_skeleton.js",
      "fileHash": "c2c629c8",
      "needsInterop": false
    },
    "ng-zorro-antd/slider": {
      "src": "../../../../../node_modules/ng-zorro-antd/fesm2022/ng-zorro-antd-slider.mjs",
      "file": "ng-zorro-antd_slider.js",
      "fileHash": "e935064d",
      "needsInterop": false
    },
    "ng-zorro-antd/spin": {
      "src": "../../../../../node_modules/ng-zorro-antd/fesm2022/ng-zorro-antd-spin.mjs",
      "file": "ng-zorro-antd_spin.js",
      "fileHash": "1306c31f",
      "needsInterop": false
    },
    "ng-zorro-antd/statistic": {
      "src": "../../../../../node_modules/ng-zorro-antd/fesm2022/ng-zorro-antd-statistic.mjs",
      "file": "ng-zorro-antd_statistic.js",
      "fileHash": "9d1ae054",
      "needsInterop": false
    },
    "ng-zorro-antd/steps": {
      "src": "../../../../../node_modules/ng-zorro-antd/fesm2022/ng-zorro-antd-steps.mjs",
      "file": "ng-zorro-antd_steps.js",
      "fileHash": "a13be188",
      "needsInterop": false
    },
    "ng-zorro-antd/switch": {
      "src": "../../../../../node_modules/ng-zorro-antd/fesm2022/ng-zorro-antd-switch.mjs",
      "file": "ng-zorro-antd_switch.js",
      "fileHash": "99393095",
      "needsInterop": false
    },
    "ng-zorro-antd/table": {
      "src": "../../../../../node_modules/ng-zorro-antd/fesm2022/ng-zorro-antd-table.mjs",
      "file": "ng-zorro-antd_table.js",
      "fileHash": "86f0dafd",
      "needsInterop": false
    },
    "ng-zorro-antd/tabs": {
      "src": "../../../../../node_modules/ng-zorro-antd/fesm2022/ng-zorro-antd-tabs.mjs",
      "file": "ng-zorro-antd_tabs.js",
      "fileHash": "765fda88",
      "needsInterop": false
    },
    "ng-zorro-antd/tag": {
      "src": "../../../../../node_modules/ng-zorro-antd/fesm2022/ng-zorro-antd-tag.mjs",
      "file": "ng-zorro-antd_tag.js",
      "fileHash": "133e1dfd",
      "needsInterop": false
    },
    "ng-zorro-antd/time-picker": {
      "src": "../../../../../node_modules/ng-zorro-antd/fesm2022/ng-zorro-antd-time-picker.mjs",
      "file": "ng-zorro-antd_time-picker.js",
      "fileHash": "42ce0d9a",
      "needsInterop": false
    },
    "ng-zorro-antd/timeline": {
      "src": "../../../../../node_modules/ng-zorro-antd/fesm2022/ng-zorro-antd-timeline.mjs",
      "file": "ng-zorro-antd_timeline.js",
      "fileHash": "7cb4be57",
      "needsInterop": false
    },
    "ng-zorro-antd/tooltip": {
      "src": "../../../../../node_modules/ng-zorro-antd/fesm2022/ng-zorro-antd-tooltip.mjs",
      "file": "ng-zorro-antd_tooltip.js",
      "fileHash": "def585bb",
      "needsInterop": false
    },
    "ng-zorro-antd/transfer": {
      "src": "../../../../../node_modules/ng-zorro-antd/fesm2022/ng-zorro-antd-transfer.mjs",
      "file": "ng-zorro-antd_transfer.js",
      "fileHash": "272d14f5",
      "needsInterop": false
    },
    "ng-zorro-antd/tree": {
      "src": "../../../../../node_modules/ng-zorro-antd/fesm2022/ng-zorro-antd-tree.mjs",
      "file": "ng-zorro-antd_tree.js",
      "fileHash": "4e95fe30",
      "needsInterop": false
    },
    "ng-zorro-antd/tree-select": {
      "src": "../../../../../node_modules/ng-zorro-antd/fesm2022/ng-zorro-antd-tree-select.mjs",
      "file": "ng-zorro-antd_tree-select.js",
      "fileHash": "93aa352c",
      "needsInterop": false
    },
    "ng-zorro-antd/typography": {
      "src": "../../../../../node_modules/ng-zorro-antd/fesm2022/ng-zorro-antd-typography.mjs",
      "file": "ng-zorro-antd_typography.js",
      "fileHash": "7b5e60a9",
      "needsInterop": false
    },
    "ng-zorro-antd/upload": {
      "src": "../../../../../node_modules/ng-zorro-antd/fesm2022/ng-zorro-antd-upload.mjs",
      "file": "ng-zorro-antd_upload.js",
      "fileHash": "331cff83",
      "needsInterop": false
    }
  },
  "chunks": {
    "browser-S5ZCG6E2": {
      "file": "browser-S5ZCG6E2.js"
    },
    "chunk-P4MPFAGX": {
      "file": "chunk-P4MPFAGX.js"
    },
    "chunk-4GBW2UH3": {
      "file": "chunk-4GBW2UH3.js"
    },
    "chunk-TLDEL2M5": {
      "file": "chunk-TLDEL2M5.js"
    },
    "chunk-Z6GZ57AA": {
      "file": "chunk-Z6GZ57AA.js"
    },
    "chunk-35C57EGH": {
      "file": "chunk-35C57EGH.js"
    },
    "chunk-NO7DNZLG": {
      "file": "chunk-NO7DNZLG.js"
    },
    "chunk-IAOT5HO2": {
      "file": "chunk-IAOT5HO2.js"
    },
    "chunk-PSHPLKYP": {
      "file": "chunk-PSHPLKYP.js"
    },
    "chunk-3MB4QKGA": {
      "file": "chunk-3MB4QKGA.js"
    },
    "chunk-LDBFLKEY": {
      "file": "chunk-LDBFLKEY.js"
    },
    "chunk-HF6YLXGN": {
      "file": "chunk-HF6YLXGN.js"
    },
    "chunk-HMOKCIZ3": {
      "file": "chunk-HMOKCIZ3.js"
    },
    "chunk-NCY55DJG": {
      "file": "chunk-NCY55DJG.js"
    },
    "chunk-5CSXZEOO": {
      "file": "chunk-5CSXZEOO.js"
    },
    "chunk-37MCV73N": {
      "file": "chunk-37MCV73N.js"
    },
    "chunk-RKZH65NG": {
      "file": "chunk-RKZH65NG.js"
    },
    "chunk-24E6ANHR": {
      "file": "chunk-24E6ANHR.js"
    },
    "chunk-KNK3JJTG": {
      "file": "chunk-KNK3JJTG.js"
    },
    "chunk-UGL7YLUP": {
      "file": "chunk-UGL7YLUP.js"
    },
    "chunk-C2PFEFTV": {
      "file": "chunk-C2PFEFTV.js"
    },
    "chunk-RIHEPLQA": {
      "file": "chunk-RIHEPLQA.js"
    },
    "chunk-TFH42SJ7": {
      "file": "chunk-TFH42SJ7.js"
    },
    "chunk-W474QCZK": {
      "file": "chunk-W474QCZK.js"
    },
    "chunk-OCF37YMA": {
      "file": "chunk-OCF37YMA.js"
    },
    "chunk-4SWFIVVI": {
      "file": "chunk-4SWFIVVI.js"
    },
    "chunk-5FVKLPN6": {
      "file": "chunk-5FVKLPN6.js"
    },
    "chunk-Y6OKGOG3": {
      "file": "chunk-Y6OKGOG3.js"
    },
    "chunk-3G5MIEWJ": {
      "file": "chunk-3G5MIEWJ.js"
    },
    "chunk-27BDGVS6": {
      "file": "chunk-27BDGVS6.js"
    },
    "chunk-DHQHAZQV": {
      "file": "chunk-DHQHAZQV.js"
    },
    "chunk-E624PMJQ": {
      "file": "chunk-E624PMJQ.js"
    },
    "chunk-2YZQZDAY": {
      "file": "chunk-2YZQZDAY.js"
    },
    "chunk-RXSNORPL": {
      "file": "chunk-RXSNORPL.js"
    },
    "chunk-3EY2WSHN": {
      "file": "chunk-3EY2WSHN.js"
    },
    "chunk-U6SF4K66": {
      "file": "chunk-U6SF4K66.js"
    },
    "chunk-N2ERUWYK": {
      "file": "chunk-N2ERUWYK.js"
    },
    "chunk-H3FJLVFZ": {
      "file": "chunk-H3FJLVFZ.js"
    },
    "chunk-JVRLZ4RT": {
      "file": "chunk-JVRLZ4RT.js"
    },
    "chunk-IXZEPHUS": {
      "file": "chunk-IXZEPHUS.js"
    },
    "chunk-AZ3TZMGX": {
      "file": "chunk-AZ3TZMGX.js"
    },
    "chunk-J2M7GXGN": {
      "file": "chunk-J2M7GXGN.js"
    },
    "chunk-UJDMKQ4M": {
      "file": "chunk-UJDMKQ4M.js"
    },
    "chunk-AOIZ4QBU": {
      "file": "chunk-AOIZ4QBU.js"
    },
    "chunk-27XIWPDD": {
      "file": "chunk-27XIWPDD.js"
    },
    "chunk-F2QIQTWY": {
      "file": "chunk-F2QIQTWY.js"
    },
    "chunk-4SWRDNWC": {
      "file": "chunk-4SWRDNWC.js"
    },
    "chunk-RQL545KO": {
      "file": "chunk-RQL545KO.js"
    },
    "chunk-B7T4TYD4": {
      "file": "chunk-B7T4TYD4.js"
    },
    "chunk-TNFF7QWQ": {
      "file": "chunk-TNFF7QWQ.js"
    },
    "chunk-C3U57LE2": {
      "file": "chunk-C3U57LE2.js"
    },
    "chunk-U2ET4FHF": {
      "file": "chunk-U2ET4FHF.js"
    },
    "chunk-Q2N6ZQSQ": {
      "file": "chunk-Q2N6ZQSQ.js"
    },
    "chunk-UYKBX2H7": {
      "file": "chunk-UYKBX2H7.js"
    },
    "chunk-OP5GNS3D": {
      "file": "chunk-OP5GNS3D.js"
    },
    "chunk-J4B6MK7R": {
      "file": "chunk-J4B6MK7R.js"
    }
  }
}